sigla_uf,pct_femeas_inseminadas_corte,pct_femeas_inseminadas_leite
SC,83.1,24.0
AL,79.5,8.5
PR,42.7,18.5
SP,38.2,15.0
RS,35.0,22.1
GO,28.5,10.0
MS,26.8,8.5
MT,24.3,6.0
MG,22.0,14.0
BA,18.5,6.5
TO,16.0,4.0
RO,14.2,3.5
SE,15.8,5.0
PE,12.5,7.0
CE,10.2,5.5
RN,8.5,4.0
PB,7.8,3.5
MA,6.5,2.0
PI,5.2,1.8
ES,20.5,12.0
RJ,15.0,8.0
PA,11.8,2.5
AC,9.5,1.5
AM,5.0,1.0
RR,22.8,2.0
AP,3.5,0.5
DF,30.0,5.0
